mondo,source_id,hpo_id,frequency,evidence,reference
MONDO:0014505,OMIM:616139,HP:0008936,1/2,PCS,PMID:24272827
MONDO:0014505,OMIM:616139,HP:0002069,1/2,PCS,PMID:24272827
MONDO:0014505,OMIM:616139,HP:0002521,2/2,PCS,PMID:24272827
MONDO:0014505,OMIM:616139,HP:0000252,HP:0040284,IEA,OMIM:616139
MONDO:0014505,OMIM:616139,HP:0001344,2/2,PCS,PMID:24272827
MONDO:0014505,OMIM:616139,HP:0001332,1/2,PCS,PMID:24272827
MONDO:0014505,OMIM:616139,HP:0011968,1/2,PCS,PMID:24272827
MONDO:0014505,OMIM:616139,HP:0001250,,TAS,OMIM:616139
MONDO:0014505,OMIM:616139,HP:0001263,2/2,PCS,PMID:24272827
MONDO:0014505,OMIM:616139,HP:0001252,1/2,PCS,PMID:24272827
MONDO:0014505,OMIM:616139,HP:0002072,,IEA,OMIM:616139
MONDO:0014505,OMIM:616139,HP:0032794,1/2,PCS,PMID:24272827
MONDO:0014505,OMIM:616139,HP:0040196,1/2,PCS,PMID:24272827
MONDO:0014505,OMIM:616139,HP:0100660,,IEA,OMIM:616139
MONDO:0014505,OMIM:616139,HP:0012469,2/2,PCS,PMID:24272827
MONDO:0014505,OMIM:616139,HP:0011097,1/2,PCS,PMID:24272827
MONDO:0014505,OMIM:616139,HP:0000817,1/2,PCS,PMID:24272827
MONDO:0014505,OMIM:616139,HP:0200134,,PCS,PMID:24272827
MONDO:0014505,OMIM:616139,HP:0025336,2/2,PCS,PMID:24272827
MONDO:0014505,OMIM:616139,HP:0001257,,IEA,OMIM:616139
MONDO:0014505,OMIM:616139,HP:0001249,,TAS,OMIM:616139
MONDO:0014505,OMIM:616139,HP:0001336,1/2,PCS,PMID:24272827
MONDO:0013655,OMIM:614254,HP:0002487,,IEA,OMIM:614254
MONDO:0013655,OMIM:614254,HP:0002540,4/4,PCS,PMID:25864721
MONDO:0013655,OMIM:614254,HP:0001332,,IEA,OMIM:614254
MONDO:0013655,OMIM:614254,HP:0001250,HP:0040284,IEA,OMIM:614254
MONDO:0013655,OMIM:614254,HP:0002384,2/6,PCS,PMID:25864721;PMID:21376300
MONDO:0013655,OMIM:614254,HP:0001272,1/4,PCS,PMID:25864721
MONDO:0013655,OMIM:614254,HP:0006829,,IEA,OMIM:614254
MONDO:0013655,OMIM:614254,HP:0001252,1/2,PCS,PMID:21376300
MONDO:0013655,OMIM:614254,HP:0032794,1/4,PCS,PMID:25864721
MONDO:0013655,OMIM:614254,HP:0010864,4/4,PCS,PMID:25864721
MONDO:0013655,OMIM:614254,HP:0100704,HP:0040284,IEA,OMIM:614254
MONDO:0013655,OMIM:614254,HP:0002119,3/4,PCS,PMID:25864721
MONDO:0013655,OMIM:614254,HP:0012171,2/4,PCS,PMID:25864721
MONDO:0013655,OMIM:614254,HP:0002019,,IEA,OMIM:614254
MONDO:0013655,OMIM:614254,HP:0001249,2/2,PCS,PMID:21376300
MONDO:0013655,OMIM:614254,HP:0001347,,PCS,PMID:25864721
MONDO:0013655,OMIM:614254,HP:0003763,1/4,PCS,PMID:25864721
MONDO:0013655,OMIM:614254,HP:0002059,2/4,PCS,PMID:25864721
MONDO:0013655,OMIM:614254,HP:0000252,2/4,PCS,PMID:25864721
MONDO:0013655,OMIM:614254,HP:0001344,1/4,PCS,PMID:25864721
MONDO:0013655,OMIM:614254,HP:0002353,,IEA,OMIM:614254
MONDO:0013655,OMIM:614254,HP:0002650,,IEA,OMIM:614254
MONDO:0013655,OMIM:614254,HP:0002870,1/4,PCS,PMID:25864721
MONDO:0013655,OMIM:614254,HP:0002079,3/4,PCS,PMID:25864721
MONDO:0013655,OMIM:614254,HP:0000276,3/4,PCS,PMID:25864721
MONDO:0013655,OMIM:614254,HP:0011968,1/4,PCS,PMID:25864721
MONDO:0013655,OMIM:614254,HP:0000490,3/4,PCS,PMID:25864721
MONDO:0013655,OMIM:614254,HP:0002072,3/4,PCS,PMID:25864721
MONDO:0013655,OMIM:614254,HP:0010553,2/4,PCS,PMID:25864721
MONDO:0013655,OMIM:614254,HP:0100660,2/4,PCS,PMID:25864721
MONDO:0013655,OMIM:614254,HP:0011097,1/4,PCS,PMID:25864721
MONDO:0013655,OMIM:614254,HP:0000748,2/4,PCS,PMID:25864721
MONDO:0013655,OMIM:614254,HP:0100716,,IEA,OMIM:614254
MONDO:0013655,OMIM:614254,HP:0001257,,IEA,OMIM:614254
MONDO:0013655,OMIM:614254,HP:0002126,HP:0040284,IEA,OMIM:614254
MONDO:0013655,OMIM:614254,HP:0001336,2/4,PCS,PMID:25864721
MONDO:0017325,OMIM:245570,HP:0002069,4/33,PCS,PMID:23933820
MONDO:0017325,OMIM:245570,HP:0000750,18/36,PCS,PMID:23933820
MONDO:0017325,OMIM:245570,HP:0004322,3/7,PCS,PMID:20890276
MONDO:0017325,OMIM:245570,HP:0001761,1/8,PCS,PMID:20890276
MONDO:0017325,OMIM:245570,HP:0002376,19/35,PCS,PMID:23933820
MONDO:0017325,OMIM:245570,HP:0001250,7/8,PCS,PMID:20890276
MONDO:0017325,OMIM:245570,HP:0002384,4/33,PCS,PMID:23933820
MONDO:0017325,OMIM:245570,HP:0010819,1/33,PCS,PMID:23933820
MONDO:0017325,OMIM:245570,HP:0001263,4/8,PCS,PMID:20890276
MONDO:0017325,OMIM:245570,HP:0003196,1/8,PCS,PMID:20890276
MONDO:0017325,OMIM:245570,HP:0001252,4/6,PCS,PMID:20890276
MONDO:0017325,OMIM:245570,HP:0002381,9/72,PCS,PMID:23933820
MONDO:0017325,OMIM:245570,HP:0012557,21/39,PCS,PMID:20890276;PMID:23933820
MONDO:0017325,OMIM:245570,HP:0031491,33/69,PCS,PMID:23933820
MONDO:0017325,OMIM:245570,HP:0001518,1/4,PCS,PMID:20890276
MONDO:0017325,OMIM:245570,HP:0011451,1/3,PCS,PMID:20890276
MONDO:0017325,OMIM:245570,HP:0000729,1/36,PCS,PMID:23933820
MONDO:0017325,OMIM:245570,HP:0011098,8/36,PCS,PMID:23933820
MONDO:0017325,OMIM:245570,HP:0007334,3/33,PCS,PMID:23933820
MONDO:0017325,OMIM:245570,HP:0007018,6/36,PCS,PMID:23933820
MONDO:0017325,OMIM:245570,HP:0007359,1/8,PCS,PMID:20890276
MONDO:0017325,OMIM:245570,HP:0007359,14/33,PCS,PMID:23933820
MONDO:0017325,OMIM:245570,HP:0007359,4/33,PCS,PMID:23933820
MONDO:0017325,OMIM:245570,HP:0001249,9/44,PCS,PMID:20890276;PMID:23933820
MONDO:0017325,ORPHA:289266,HP:0000708,HP:0040282,TAS,ORPHA:289266
MONDO:0017325,ORPHA:289266,HP:0001328,HP:0040282,TAS,ORPHA:289266
MONDO:0017325,ORPHA:289266,HP:0002069,HP:0040282,TAS,ORPHA:289266
MONDO:0017325,ORPHA:289266,HP:0002421,HP:0040282,TAS,ORPHA:289266
MONDO:0017325,ORPHA:289266,HP:0008947,HP:0040282,TAS,ORPHA:289266
MONDO:0017325,ORPHA:289266,HP:0010844,HP:0040282,TAS,ORPHA:289266
MONDO:0017325,ORPHA:289266,HP:0010864,HP:0040282,TAS,ORPHA:289266
MONDO:0017325,ORPHA:289266,HP:0012736,HP:0040282,TAS,ORPHA:289266
MONDO:0017325,ORPHA:289266,HP:0001265,HP:0040283,TAS,ORPHA:289266
MONDO:0017325,ORPHA:289266,HP:0001276,HP:0040283,TAS,ORPHA:289266
MONDO:0017325,ORPHA:289266,HP:0001336,HP:0040283,TAS,ORPHA:289266
MONDO:0017325,ORPHA:289266,HP:0001518,HP:0040283,TAS,ORPHA:289266
MONDO:0017325,ORPHA:289266,HP:0001761,HP:0040283,TAS,ORPHA:289266
MONDO:0017325,ORPHA:289266,HP:0001999,HP:0040283,TAS,ORPHA:289266
MONDO:0017325,ORPHA:289266,HP:0002079,HP:0040283,TAS,ORPHA:289266
MONDO:0017325,ORPHA:289266,HP:0002342,HP:0040283,TAS,ORPHA:289266
MONDO:0017325,ORPHA:289266,HP:0002373,HP:0040283,TAS,ORPHA:289266
MONDO:0017325,ORPHA:289266,HP:0002506,HP:0040283,TAS,ORPHA:289266
MONDO:0017325,ORPHA:289266,HP:0003196,HP:0040283,TAS,ORPHA:289266
MONDO:0017325,ORPHA:289266,HP:0004322,HP:0040283,TAS,ORPHA:289266
MONDO:0017325,ORPHA:289266,HP:0005484,HP:0040283,TAS,ORPHA:289266
MONDO:0017325,ORPHA:289266,HP:0007359,HP:0040283,TAS,ORPHA:289266
MONDO:0017325,ORPHA:289266,HP:0008936,HP:0040283,TAS,ORPHA:289266
MONDO:0017325,ORPHA:289266,HP:0010818,HP:0040283,TAS,ORPHA:289266
MONDO:0017325,ORPHA:289266,HP:0011097,HP:0040283,TAS,ORPHA:289266
MONDO:0017325,ORPHA:289266,HP:0011451,HP:0040283,TAS,ORPHA:289266
MONDO:0017325,ORPHA:289266,HP:0012171,HP:0040283,TAS,ORPHA:289266
MONDO:0017325,ORPHA:289266,HP:0012447,HP:0040283,TAS,ORPHA:289266
MONDO:0017325,ORPHA:289266,HP:0012547,HP:0040283,TAS,ORPHA:289266
MONDO:0014947,OMIM:617162,HP:0008936,2/2,PCS,PMID:27616483
MONDO:0014947,OMIM:617162,HP:0002059,HP:0040284,IEA,OMIM:617162
MONDO:0014947,OMIM:617162,HP:0002015,1/2,PCS,PMID:27616483
MONDO:0014947,OMIM:617162,HP:0002521,1/2,PCS,PMID:27616483
MONDO:0014947,OMIM:617162,HP:0000252,1/2,PCS,PMID:27616483
MONDO:0014947,OMIM:617162,HP:0001344,,IEA,OMIM:617162
MONDO:0014947,OMIM:617162,HP:0011968,1/2,PCS,PMID:27616483
MONDO:0014947,OMIM:617162,HP:0002197,1/2,PCS,PMID:27616483
MONDO:0014947,OMIM:617162,HP:0001250,2/2,PCS,PMID:27616483
MONDO:0014947,OMIM:617162,HP:0001263,2/2,PCS,PMID:27616483
MONDO:0014947,OMIM:617162,HP:0001508,1/2,PCS,PMID:27616483
MONDO:0014947,OMIM:617162,HP:0100704,1/2,PCS,PMID:27616483
MONDO:0014947,OMIM:617162,HP:0002509,2/2,PCS,PMID:27616483
MONDO:0014947,OMIM:617162,HP:0001558,1/2,PCS,PMID:27616483
MONDO:0014947,OMIM:617162,HP:0200134,2/2,PCS,PMID:27616483
MONDO:0014947,OMIM:617162,HP:0002307,1/2,PCS,PMID:27616483
MONDO:0014947,OMIM:617162,HP:0001763,2/2,PCS,PMID:27616483
MONDO:0014947,OMIM:617162,HP:0001337,1/2,PCS,PMID:27616483
MONDO:0012812,OMIM:612164,HP:0002069,2/5,PCS,PMID:18469812
MONDO:0012812,OMIM:612164,HP:0002521,,PCS,OMIM:612164
MONDO:0012812,OMIM:612164,HP:0002188,2/5,PCS,PMID:18469812
MONDO:0012812,OMIM:612164,HP:0002123,,PCS,OMIM:612164
MONDO:0012812,OMIM:612164,HP:0001151,,PCS,OMIM:612164
MONDO:0012812,OMIM:612164,HP:0002187,5/5,PCS,PMID:18469812
MONDO:0012812,OMIM:612164,HP:0001252,12/15,PCS,OMIM:612164;PMID:18469812
MONDO:0012812,OMIM:612164,HP:0006808,,PCS,OMIM:612164
MONDO:0012812,OMIM:612164,HP:0010864,,TAS,OMIM:612164
MONDO:0012812,OMIM:612164,HP:0007105,,PCS,OMIM:612164
MONDO:0012812,OMIM:612164,HP:0002059,4/5,PCS,PMID:18469812
MONDO:0012812,OMIM:612164,HP:0002510,4/5,PCS,PMID:18469812
MONDO:0012812,OMIM:612164,HP:0001344,2/5,PCS,PMID:18469812
MONDO:0012812,OMIM:612164,HP:0002133,,TAS,OMIM:612164
MONDO:0012812,OMIM:612164,HP:0002376,,TAS,OMIM:612164
MONDO:0012812,OMIM:612164,HP:0002079,1/5,PCS,PMID:18469812
MONDO:0012812,OMIM:612164,HP:0001266,1/5,PCS,PMID:18469812
MONDO:0012812,OMIM:612164,HP:0010818,,PCS,OMIM:612164
MONDO:0012812,OMIM:612164,HP:0010851,5/5,PCS,PMID:18469812
MONDO:0012812,OMIM:612164,HP:0011344,,PCS,PMID:18469812
MONDO:0012812,OMIM:612164,HP:0011097,4/5,PCS,PMID:18469812
MONDO:0012812,OMIM:612164,HP:0200134,,PCS,PMID:18469812
MONDO:0012812,OMIM:612164,HP:0001258,,PCS,OMIM:612164
MONDO:0012812,OMIM:612164,HP:0001337,,TAS,OMIM:612164
MONDO:0012812,ORPHA:599373,HP:0001249,HP:0040282,TAS,ORPHA:599373
MONDO:0012812,ORPHA:599373,HP:0001250,HP:0040282,TAS,ORPHA:599373
MONDO:0012812,ORPHA:599373,HP:0001263,HP:0040282,TAS,ORPHA:599373
MONDO:0012812,ORPHA:599373,HP:0011185,HP:0040282,TAS,ORPHA:599373
MONDO:0012812,ORPHA:599373,HP:0000729,HP:0040283,TAS,ORPHA:599373
MONDO:0012812,ORPHA:599373,HP:0000750,HP:0040283,TAS,ORPHA:599373
MONDO:0012812,ORPHA:599373,HP:0000752,HP:0040283,TAS,ORPHA:599373
MONDO:0012812,ORPHA:599373,HP:0001251,HP:0040283,TAS,ORPHA:599373
MONDO:0012812,ORPHA:599373,HP:0001252,HP:0040283,TAS,ORPHA:599373
MONDO:0012812,ORPHA:599373,HP:0001337,HP:0040283,TAS,ORPHA:599373
MONDO:0012812,ORPHA:599373,HP:0001344,HP:0040283,TAS,ORPHA:599373
MONDO:0012812,ORPHA:599373,HP:0002123,HP:0040283,TAS,ORPHA:599373
MONDO:0012812,ORPHA:599373,HP:0002376,HP:0040283,TAS,ORPHA:599373
MONDO:0012812,ORPHA:599373,HP:0002384,HP:0040283,TAS,ORPHA:599373
MONDO:0012812,ORPHA:599373,HP:0002521,HP:0040283,TAS,ORPHA:599373
MONDO:0012812,ORPHA:599373,HP:0002540,HP:0040283,TAS,ORPHA:599373
MONDO:0012812,ORPHA:599373,HP:0006989,HP:0040283,TAS,ORPHA:599373
MONDO:0012812,ORPHA:599373,HP:0010819,HP:0040283,TAS,ORPHA:599373
MONDO:0012812,ORPHA:599373,HP:0010841,HP:0040283,TAS,ORPHA:599373
MONDO:0012812,ORPHA:599373,HP:0011097,HP:0040283,TAS,ORPHA:599373
MONDO:0012812,ORPHA:599373,HP:0011153,HP:0040283,TAS,ORPHA:599373
MONDO:0012812,ORPHA:599373,HP:0011203,HP:0040283,TAS,ORPHA:599373
MONDO:0012812,ORPHA:599373,HP:0012469,HP:0040283,TAS,ORPHA:599373
MONDO:0012812,ORPHA:599373,HP:0012762,HP:0040283,TAS,ORPHA:599373
MONDO:0012812,ORPHA:599373,HP:0200134,HP:0040283,TAS,ORPHA:599373
MONDO:0012812,ORPHA:599373,HP:0001257,HP:0040284,TAS,ORPHA:599373
MONDO:0012812,ORPHA:599373,HP:0001332,HP:0040284,TAS,ORPHA:599373
MONDO:0012812,ORPHA:599373,HP:0002510,HP:0040284,TAS,ORPHA:599373
MONDO:0012812,ORPHA:599373,HP:0007334,HP:0040284,TAS,ORPHA:599373
MONDO:0012812,ORPHA:599373,HP:0012448,HP:0040284,TAS,ORPHA:599373
MONDO:0012812,ORPHA:599373,HP:0100660,HP:0040284,TAS,ORPHA:599373
MONDO:0010396,OMIM:300672,HP:0002883,,IEA,OMIM:300672
MONDO:0010396,OMIM:300672,HP:0002521,1/5,PCS,PMID:15492925
MONDO:0010396,OMIM:300672,HP:0002540,,IEA,OMIM:300672
MONDO:0010396,OMIM:300672,HP:0001773,1/5,PCS,PMID:15492925
MONDO:0010396,OMIM:300672,HP:0000463,,TAS,OMIM:300672
MONDO:0010396,OMIM:300672,HP:0002123,3/5,PCS,PMID:15492925
MONDO:0010396,OMIM:300672,HP:0001250,3/5,PCS,PMID:15492925
MONDO:0010396,OMIM:300672,HP:0002187,,IEA,OMIM:300672
MONDO:0010396,OMIM:300672,HP:0001252,,IEA,OMIM:300672
MONDO:0010396,OMIM:300672,HP:0002020,1/5,PCS,PMID:15492925
MONDO:0010396,OMIM:300672,HP:0001290,2/5,PCS,PMID:15492925
MONDO:0010396,OMIM:300672,HP:0010845,6/6,PCS,PMID:22264704
MONDO:0010396,OMIM:300672,HP:0012469,3/5,PCS,PMID:15492925
MONDO:0010396,OMIM:300672,HP:0100704,,PCS,PMID:22264704
MONDO:0010396,OMIM:300672,HP:0000817,2/5,PCS,PMID:15492925
MONDO:0010396,OMIM:300672,HP:0011220,,TAS,OMIM:300672
MONDO:0010396,OMIM:300672,HP:0000337,,TAS,OMIM:300672
MONDO:0010396,OMIM:300672,HP:0000733,3/5,PCS,PMID:15492925
MONDO:0010396,OMIM:300672,HP:0002019,3/5,PCS,PMID:15492925
MONDO:0010396,OMIM:300672,HP:0000179,,TAS,OMIM:300672
MONDO:0010396,OMIM:300672,HP:0000253,,IEA,OMIM:300672
MONDO:0010396,OMIM:300672,HP:0002650,4/5,PCS,PMID:15492925
MONDO:0010396,OMIM:300672,HP:0002376,,IEA,OMIM:300672
MONDO:0010396,OMIM:300672,HP:0002197,3/5,PCS,PMID:15492925
MONDO:0010396,OMIM:300672,HP:0000490,,TAS,OMIM:300672
MONDO:0010396,OMIM:300672,HP:0001263,5/5,PCS,PMID:15492925
MONDO:0010396,OMIM:300672,HP:0001182,,TAS,OMIM:300672
MONDO:0010396,OMIM:300672,HP:0031165,,TAS,OMIM:300672
MONDO:0010396,OMIM:300672,HP:0200134,,PCS,PMID:15492925
MONDO:0010396,OMIM:300672,HP:0200055,1/5,PCS,PMID:15492925
MONDO:0010396,OMIM:300672,HP:0001336,1/5,PCS,PMID:15492925
MONDO:0010396,ORPHA:505652,HP:0010818,HP:0040281,TAS,ORPHA:505652
MONDO:0010396,ORPHA:505652,HP:0000232,HP:0040282,TAS,ORPHA:505652
MONDO:0010396,ORPHA:505652,HP:0000337,HP:0040282,TAS,ORPHA:505652
MONDO:0010396,ORPHA:505652,HP:0000490,HP:0040282,TAS,ORPHA:505652
MONDO:0010396,ORPHA:505652,HP:0000729,HP:0040282,TAS,ORPHA:505652
MONDO:0010396,ORPHA:505652,HP:0000750,HP:0040282,TAS,ORPHA:505652
MONDO:0010396,ORPHA:505652,HP:0000817,HP:0040282,TAS,ORPHA:505652
MONDO:0010396,ORPHA:505652,HP:0001249,HP:0040282,TAS,ORPHA:505652
MONDO:0010396,ORPHA:505652,HP:0001252,HP:0040282,TAS,ORPHA:505652
MONDO:0010396,ORPHA:505652,HP:0001288,HP:0040282,TAS,ORPHA:505652
MONDO:0010396,ORPHA:505652,HP:0001510,HP:0040282,TAS,ORPHA:505652
MONDO:0010396,ORPHA:505652,HP:0002002,HP:0040282,TAS,ORPHA:505652
MONDO:0010396,ORPHA:505652,HP:0002019,HP:0040282,TAS,ORPHA:505652
MONDO:0010396,ORPHA:505652,HP:0002020,HP:0040282,TAS,ORPHA:505652
MONDO:0010396,ORPHA:505652,HP:0002069,HP:0040282,TAS,ORPHA:505652
MONDO:0010396,ORPHA:505652,HP:0002194,HP:0040282,TAS,ORPHA:505652
MONDO:0010396,ORPHA:505652,HP:0002421,HP:0040282,TAS,ORPHA:505652
MONDO:0010396,ORPHA:505652,HP:0002521,HP:0040282,TAS,ORPHA:505652
MONDO:0010396,ORPHA:505652,HP:0003763,HP:0040282,TAS,ORPHA:505652
MONDO:0010396,ORPHA:505652,HP:0003808,HP:0040282,TAS,ORPHA:505652
MONDO:0010396,ORPHA:505652,HP:0006979,HP:0040282,TAS,ORPHA:505652
MONDO:0010396,ORPHA:505652,HP:0007328,HP:0040282,TAS,ORPHA:505652
MONDO:0010396,ORPHA:505652,HP:0007359,HP:0040282,TAS,ORPHA:505652
MONDO:0010396,ORPHA:505652,HP:0009852,HP:0040282,TAS,ORPHA:505652
MONDO:0010396,ORPHA:505652,HP:0010841,HP:0040282,TAS,ORPHA:505652
MONDO:0010396,ORPHA:505652,HP:0011220,HP:0040282,TAS,ORPHA:505652
MONDO:0010396,ORPHA:505652,HP:0011343,HP:0040282,TAS,ORPHA:505652
MONDO:0010396,ORPHA:505652,HP:0011344,HP:0040282,TAS,ORPHA:505652
MONDO:0010396,ORPHA:505652,HP:0011471,HP:0040282,TAS,ORPHA:505652
MONDO:0010396,ORPHA:505652,HP:0011968,HP:0040282,TAS,ORPHA:505652
MONDO:0010396,ORPHA:505652,HP:0012171,HP:0040282,TAS,ORPHA:505652
MONDO:0010396,ORPHA:505652,HP:0012469,HP:0040282,TAS,ORPHA:505652
MONDO:0010396,ORPHA:505652,HP:0012471,HP:0040282,TAS,ORPHA:505652
MONDO:0010396,ORPHA:505652,HP:0032794,HP:0040282,TAS,ORPHA:505652
MONDO:0010396,ORPHA:505652,HP:0033850,HP:0040282,TAS,ORPHA:505652
MONDO:0010396,ORPHA:505652,HP:0100704,HP:0040282,TAS,ORPHA:505652
MONDO:0010396,ORPHA:505652,HP:5200061,HP:0040282,TAS,ORPHA:505652
MONDO:0010396,ORPHA:505652,HP:0000252,HP:0040283,TAS,ORPHA:505652
MONDO:0010396,ORPHA:505652,HP:0000341,HP:0040283,TAS,ORPHA:505652
MONDO:0010396,ORPHA:505652,HP:0000348,HP:0040283,TAS,ORPHA:505652
MONDO:0010396,ORPHA:505652,HP:0000565,HP:0040283,TAS,ORPHA:505652
MONDO:0010396,ORPHA:505652,HP:0000577,HP:0040283,TAS,ORPHA:505652
MONDO:0010396,ORPHA:505652,HP:0000664,HP:0040283,TAS,ORPHA:505652
MONDO:0010396,ORPHA:505652,HP:0000749,HP:0040283,TAS,ORPHA:505652
MONDO:0010396,ORPHA:505652,HP:0001332,HP:0040283,TAS,ORPHA:505652
MONDO:0010396,ORPHA:505652,HP:0001822,HP:0040283,TAS,ORPHA:505652
MONDO:0010396,ORPHA:505652,HP:0002072,HP:0040283,TAS,ORPHA:505652
MONDO:0010396,ORPHA:505652,HP:0002104,HP:0040283,TAS,ORPHA:505652
MONDO:0010396,ORPHA:505652,HP:0002650,HP:0040283,TAS,ORPHA:505652
MONDO:0010396,ORPHA:505652,HP:0002783,HP:0040283,TAS,ORPHA:505652
MONDO:0010396,ORPHA:505652,HP:0002808,HP:0040283,TAS,ORPHA:505652
MONDO:0010396,ORPHA:505652,HP:0002883,HP:0040283,TAS,ORPHA:505652
MONDO:0100135,ORPHA:33069,HP:0002376,HP:0040281,TAS,ORPHA:33069
MONDO:0100135,ORPHA:33069,HP:0007240,HP:0040281,TAS,ORPHA:33069
MONDO:0100135,ORPHA:33069,HP:0007359,HP:0040281,TAS,ORPHA:33069
MONDO:0100135,ORPHA:33069,HP:0000466,HP:0040282,TAS,ORPHA:33069
MONDO:0100135,ORPHA:33069,HP:0000729,HP:0040282,TAS,ORPHA:33069
MONDO:0100135,ORPHA:33069,HP:0000739,HP:0040282,TAS,ORPHA:33069
MONDO:0100135,ORPHA:33069,HP:0001300,HP:0040282,TAS,ORPHA:33069
MONDO:0100135,ORPHA:33069,HP:0001327,HP:0040282,TAS,ORPHA:33069
MONDO:0100135,ORPHA:33069,HP:0001336,HP:0040282,TAS,ORPHA:33069
MONDO:0100135,ORPHA:33069,HP:0002063,HP:0040282,TAS,ORPHA:33069
MONDO:0100135,ORPHA:33069,HP:0002067,HP:0040282,TAS,ORPHA:33069
MONDO:0100135,ORPHA:33069,HP:0002123,HP:0040282,TAS,ORPHA:33069
MONDO:0100135,ORPHA:33069,HP:0002349,HP:0040282,TAS,ORPHA:33069
MONDO:0100135,ORPHA:33069,HP:0002373,HP:0040282,TAS,ORPHA:33069
MONDO:0100135,ORPHA:33069,HP:0002384,HP:0040282,TAS,ORPHA:33069
MONDO:0100135,ORPHA:33069,HP:0002396,HP:0040282,TAS,ORPHA:33069
MONDO:0100135,ORPHA:33069,HP:0006813,HP:0040282,TAS,ORPHA:33069
MONDO:0100135,ORPHA:33069,HP:0007207,HP:0040282,TAS,ORPHA:33069
MONDO:0100135,ORPHA:33069,HP:0007270,HP:0040282,TAS,ORPHA:33069
MONDO:0100135,ORPHA:33069,HP:0008770,HP:0040282,TAS,ORPHA:33069
MONDO:0100135,ORPHA:33069,HP:0010841,HP:0040282,TAS,ORPHA:33069
MONDO:0100135,ORPHA:33069,HP:0011169,HP:0040282,TAS,ORPHA:33069
MONDO:0100135,ORPHA:33069,HP:0011172,HP:0040282,TAS,ORPHA:33069
MONDO:0100135,ORPHA:33069,HP:0011182,HP:0040282,TAS,ORPHA:33069
MONDO:0100135,ORPHA:33069,HP:0011468,HP:0040282,TAS,ORPHA:33069
MONDO:0100135,ORPHA:33069,HP:0012847,HP:0040282,TAS,ORPHA:33069
MONDO:0100135,ORPHA:33069,HP:0100543,HP:0040282,TAS,ORPHA:33069
MONDO:0100135,ORPHA:33069,HP:0000736,HP:0040283,TAS,ORPHA:33069
MONDO:0100135,ORPHA:33069,HP:0000980,HP:0040283,TAS,ORPHA:33069
MONDO:0100135,ORPHA:33069,HP:0001763,HP:0040283,TAS,ORPHA:33069
MONDO:0100135,ORPHA:33069,HP:0002283,HP:0040283,TAS,ORPHA:33069
MONDO:0100135,ORPHA:33069,HP:0002307,HP:0040283,TAS,ORPHA:33069
MONDO:0100135,ORPHA:33069,HP:0002311,HP:0040283,TAS,ORPHA:33069
MONDO:0100135,ORPHA:33069,HP:0002345,HP:0040283,TAS,ORPHA:33069
MONDO:0100135,ORPHA:33069,HP:0003066,HP:0040283,TAS,ORPHA:33069
MONDO:0100135,ORPHA:33069,HP:0007010,HP:0040283,TAS,ORPHA:33069
MONDO:0100135,ORPHA:33069,HP:0008081,HP:0040283,TAS,ORPHA:33069
MONDO:0100135,ORPHA:33069,HP:0008947,HP:0040283,TAS,ORPHA:33069
MONDO:0100135,ORPHA:33069,HP:0011185,HP:0040283,TAS,ORPHA:33069
MONDO:0100135,ORPHA:33069,HP:0011198,HP:0040283,TAS,ORPHA:33069
MONDO:0100135,ORPHA:33069,HP:0025101,HP:0040283,TAS,ORPHA:33069
MONDO:0100135,ORPHA:33069,HP:0031475,HP:0040283,TAS,ORPHA:33069
MONDO:0100135,ORPHA:33069,HP:0100694,HP:0040283,TAS,ORPHA:33069
MONDO:0100135,ORPHA:33069,HP:0100710,HP:0040283,TAS,ORPHA:33069
MONDO:0100135,ORPHA:33069,HP:0200048,HP:0040283,TAS,ORPHA:33069
MONDO:0100135,ORPHA:33069,HP:0010818,HP:0040284,TAS,ORPHA:33069
